subject,file,link,lineno,NOC,NOL,experience-based,statistics-based,tuning machine,smell
neural-talk,/Users/joaocorreia/PycharmProjects/Pysmell/pysmell/subjects/neural-talk/imagernn/lstm_generator.py,https://github.com/karpathy/neuraltalk/blame/master/imagernn/lstm_generator.py#L69,69,34,1,0,0,0,False
neural-talk,/Users/joaocorreia/PycharmProjects/Pysmell/pysmell/subjects/neural-talk/imagernn/lstm_generator.py,https://github.com/karpathy/neuraltalk/blame/master/imagernn/lstm_generator.py#L250,250,21,1,0,0,0,False
neural-talk,/Users/joaocorreia/PycharmProjects/Pysmell/pysmell/subjects/neural-talk/imagernn/rnn_generator.py,https://github.com/karpathy/neuraltalk/blame/master/imagernn/rnn_generator.py#L78,78,31,1,0,0,0,False
neural-talk,/Users/joaocorreia/PycharmProjects/Pysmell/pysmell/subjects/neural-talk/imagernn/rnn_generator.py,https://github.com/karpathy/neuraltalk/blame/master/imagernn/rnn_generator.py#L205,205,21,1,0,0,0,False
faceswap,/Users/joaocorreia/PycharmProjects/Pysmell/pysmell/subjects/faceswap/tools/sort/sort.py,https://github.com/deepfakes/faceswap/blame/master/tools/sort/sort.py#L303,303,71,1,1,0,0,True
faceswap,/Users/joaocorreia/PycharmProjects/Pysmell/pysmell/subjects/faceswap/tools/sort/sort.py,https://github.com/deepfakes/faceswap/blame/master/tools/sort/sort.py#L460,460,68,2,1,0,0,True
faceswap,/Users/joaocorreia/PycharmProjects/Pysmell/pysmell/subjects/faceswap/tools/sort/sort.py,https://github.com/deepfakes/faceswap/blame/master/tools/sort/sort.py#L468,468,58,1,1,0,0,True
faceswap,/Users/joaocorreia/PycharmProjects/Pysmell/pysmell/subjects/faceswap/tools/sort/sort.py,https://github.com/deepfakes/faceswap/blame/master/tools/sort/sort.py#L482,482,58,1,1,0,0,True
faceswap,/Users/joaocorreia/PycharmProjects/Pysmell/pysmell/subjects/faceswap/tools/sort/sort.py,https://github.com/deepfakes/faceswap/blame/master/tools/sort/sort.py#L510,510,66,2,1,0,0,True
faceswap,/Users/joaocorreia/PycharmProjects/Pysmell/pysmell/subjects/faceswap/tools/sort/sort.py,https://github.com/deepfakes/faceswap/blame/master/tools/sort/sort.py#L578,578,59,1,1,0,0,True
faceswap,/Users/joaocorreia/PycharmProjects/Pysmell/pysmell/subjects/faceswap/tools/sort/sort.py,https://github.com/deepfakes/faceswap/blame/master/tools/sort/sort.py#L580,580,55,1,1,0,0,True
faceswap,/Users/joaocorreia/PycharmProjects/Pysmell/pysmell/subjects/faceswap/tools/sort/sort.py,https://github.com/deepfakes/faceswap/blame/master/tools/sort/sort.py#L608,608,67,1,1,0,0,True
faceswap,/Users/joaocorreia/PycharmProjects/Pysmell/pysmell/subjects/faceswap/tools/mask/mask.py,https://github.com/deepfakes/faceswap/blame/master/tools/mask/mask.py#L49,49,49,1,0,0,0,False
faceswap,/Users/joaocorreia/PycharmProjects/Pysmell/pysmell/subjects/faceswap/tools/mask/mask.py,https://github.com/deepfakes/faceswap/blame/master/tools/mask/mask.py#L137,137,41,1,0,0,0,False
faceswap,/Users/joaocorreia/PycharmProjects/Pysmell/pysmell/subjects/faceswap/tools/mask/mask.py,https://github.com/deepfakes/faceswap/blame/master/tools/mask/mask.py#L140,140,72,1,1,0,0,True
faceswap,/Users/joaocorreia/PycharmProjects/Pysmell/pysmell/subjects/faceswap/tools/mask/mask.py,https://github.com/deepfakes/faceswap/blame/master/tools/mask/mask.py#L272,272,70,1,1,0,0,True
faceswap,/Users/joaocorreia/PycharmProjects/Pysmell/pysmell/subjects/faceswap/tools/mask/mask.py,https://github.com/deepfakes/faceswap/blame/master/tools/mask/mask.py#L297,297,41,1,0,0,0,False
faceswap,/Users/joaocorreia/PycharmProjects/Pysmell/pysmell/subjects/faceswap/tools/effmpeg/effmpeg.py,https://github.com/deepfakes/faceswap/blame/master/tools/effmpeg/effmpeg.py#L338,338,45,1,0,0,0,False
faceswap,/Users/joaocorreia/PycharmProjects/Pysmell/pysmell/subjects/faceswap/tools/effmpeg/effmpeg.py,https://github.com/deepfakes/faceswap/blame/master/tools/effmpeg/effmpeg.py#L352,352,45,1,0,0,0,False
faceswap,/Users/joaocorreia/PycharmProjects/Pysmell/pysmell/subjects/faceswap/tools/manual/detected_faces.py,https://github.com/deepfakes/faceswap/blame/master/tools/manual/detected_faces.py#L898,898,60,1,1,0,0,True
faceswap,/Users/joaocorreia/PycharmProjects/Pysmell/pysmell/subjects/faceswap/tools/manual/detected_faces.py,https://github.com/deepfakes/faceswap/blame/master/tools/manual/detected_faces.py#L901,901,57,1,1,0,0,True
faceswap,/Users/joaocorreia/PycharmProjects/Pysmell/pysmell/subjects/faceswap/tools/manual/detected_faces.py,https://github.com/deepfakes/faceswap/blame/master/tools/manual/detected_faces.py#L933,933,49,1,0,0,0,False
faceswap,/Users/joaocorreia/PycharmProjects/Pysmell/pysmell/subjects/faceswap/tools/manual/frameviewer/editor/_base.py,https://github.com/deepfakes/faceswap/blame/master/tools/manual/frameviewer/editor/_base.py#L78,78,54,1,1,0,0,True
faceswap,/Users/joaocorreia/PycharmProjects/Pysmell/pysmell/subjects/faceswap/tools/manual/frameviewer/editor/_base.py,https://github.com/deepfakes/faceswap/blame/master/tools/manual/frameviewer/editor/_base.py#L135,135,77,2,1,0,0,True
faceswap,/Users/joaocorreia/PycharmProjects/Pysmell/pysmell/subjects/faceswap/tools/manual/frameviewer/editor/_base.py,https://github.com/deepfakes/faceswap/blame/master/tools/manual/frameviewer/editor/_base.py#L201,201,43,1,0,0,0,False
faceswap,/Users/joaocorreia/PycharmProjects/Pysmell/pysmell/subjects/faceswap/tools/manual/frameviewer/editor/_base.py,https://github.com/deepfakes/faceswap/blame/master/tools/manual/frameviewer/editor/_base.py#L495,495,39,1,0,0,0,False
faceswap,/Users/joaocorreia/PycharmProjects/Pysmell/pysmell/subjects/faceswap/tools/manual/frameviewer/editor/_base.py,https://github.com/deepfakes/faceswap/blame/master/tools/manual/frameviewer/editor/_base.py#L561,561,43,1,0,0,0,False
faceswap,/Users/joaocorreia/PycharmProjects/Pysmell/pysmell/subjects/faceswap/tools/alignments/media.py,https://github.com/deepfakes/faceswap/blame/master/tools/alignments/media.py#L74,74,34,1,0,0,0,False
faceswap,/Users/joaocorreia/PycharmProjects/Pysmell/pysmell/subjects/faceswap/tools/alignments/media.py,https://github.com/deepfakes/faceswap/blame/master/tools/alignments/media.py#L282,282,56,1,1,0,0,True
faceswap,/Users/joaocorreia/PycharmProjects/Pysmell/pysmell/subjects/faceswap/tools/alignments/media.py,https://github.com/deepfakes/faceswap/blame/master/tools/alignments/media.py#L356,356,53,1,0,0,0,False
faceswap,/Users/joaocorreia/PycharmProjects/Pysmell/pysmell/subjects/faceswap/tools/alignments/media.py,https://github.com/deepfakes/faceswap/blame/master/tools/alignments/media.py#L367,367,57,1,1,0,0,True
faceswap,/Users/joaocorreia/PycharmProjects/Pysmell/pysmell/subjects/faceswap/tools/alignments/jobs.py,https://github.com/deepfakes/faceswap/blame/master/tools/alignments/jobs.py#L251,251,66,1,1,0,0,True
faceswap,/Users/joaocorreia/PycharmProjects/Pysmell/pysmell/subjects/faceswap/tools/alignments/jobs.py,https://github.com/deepfakes/faceswap/blame/master/tools/alignments/jobs.py#L452,452,76,1,1,0,0,True
faceswap,/Users/joaocorreia/PycharmProjects/Pysmell/pysmell/subjects/faceswap/tools/alignments/jobs.py,https://github.com/deepfakes/faceswap/blame/master/tools/alignments/jobs.py#L736,736,42,1,0,0,0,False
faceswap,/Users/joaocorreia/PycharmProjects/Pysmell/pysmell/subjects/faceswap/_travis/simple_tests.py,https://github.com/deepfakes/faceswap/blame/master/_travis/simple_tests.py#L35,35,32,1,0,0,0,False
faceswap,/Users/joaocorreia/PycharmProjects/Pysmell/pysmell/subjects/faceswap/plugins/plugin_loader.py,https://github.com/deepfakes/faceswap/blame/master/plugins/plugin_loader.py#L161,161,42,1,0,0,0,False
faceswap,/Users/joaocorreia/PycharmProjects/Pysmell/pysmell/subjects/faceswap/plugins/plugin_loader.py,https://github.com/deepfakes/faceswap/blame/master/plugins/plugin_loader.py#L221,221,45,1,0,0,0,False
faceswap,/Users/joaocorreia/PycharmProjects/Pysmell/pysmell/subjects/faceswap/plugins/train/_config.py,https://github.com/deepfakes/faceswap/blame/master/plugins/train/_config.py#L380,380,52,1,0,0,0,False
faceswap,/Users/joaocorreia/PycharmProjects/Pysmell/pysmell/subjects/faceswap/plugins/train/model/unbalanced.py,https://github.com/deepfakes/faceswap/blame/master/plugins/train/model/unbalanced.py#L19,19,41,1,0,0,0,False
faceswap,/Users/joaocorreia/PycharmProjects/Pysmell/pysmell/subjects/faceswap/plugins/train/model/unbalanced.py,https://github.com/deepfakes/faceswap/blame/master/plugins/train/model/unbalanced.py#L36,36,54,1,1,0,0,True
faceswap,/Users/joaocorreia/PycharmProjects/Pysmell/pysmell/subjects/faceswap/plugins/train/model/unbalanced.py,https://github.com/deepfakes/faceswap/blame/master/plugins/train/model/unbalanced.py#L37,37,24,1,0,0,0,False
faceswap,/Users/joaocorreia/PycharmProjects/Pysmell/pysmell/subjects/faceswap/plugins/train/model/unbalanced.py,https://github.com/deepfakes/faceswap/blame/master/plugins/train/model/unbalanced.py#L57,57,56,1,1,0,0,True
faceswap,/Users/joaocorreia/PycharmProjects/Pysmell/pysmell/subjects/faceswap/plugins/train/model/unbalanced.py,https://github.com/deepfakes/faceswap/blame/master/plugins/train/model/unbalanced.py#L58,58,24,1,0,0,0,False
faceswap,/Users/joaocorreia/PycharmProjects/Pysmell/pysmell/subjects/faceswap/plugins/train/model/unbalanced.py,https://github.com/deepfakes/faceswap/blame/master/plugins/train/model/unbalanced.py#L89,89,56,1,1,0,0,True
faceswap,/Users/joaocorreia/PycharmProjects/Pysmell/pysmell/subjects/faceswap/plugins/train/model/unbalanced.py,https://github.com/deepfakes/faceswap/blame/master/plugins/train/model/unbalanced.py#L90,90,24,1,0,0,0,False
faceswap,/Users/joaocorreia/PycharmProjects/Pysmell/pysmell/subjects/faceswap/plugins/train/model/villain.py,https://github.com/deepfakes/faceswap/blame/master/plugins/train/model/villain.py#L20,20,25,1,0,0,0,False
faceswap,/Users/joaocorreia/PycharmProjects/Pysmell/pysmell/subjects/faceswap/plugins/train/model/villain.py,https://github.com/deepfakes/faceswap/blame/master/plugins/train/model/villain.py#L34,34,40,1,0,0,0,False
faceswap,/Users/joaocorreia/PycharmProjects/Pysmell/pysmell/subjects/faceswap/plugins/train/model/_base.py,https://github.com/deepfakes/faceswap/blame/master/plugins/train/model/_base.py#L109,109,61,1,1,0,0,True
faceswap,/Users/joaocorreia/PycharmProjects/Pysmell/pysmell/subjects/faceswap/plugins/train/model/_base.py,https://github.com/deepfakes/faceswap/blame/master/plugins/train/model/_base.py#L123,123,45,1,0,0,0,False
faceswap,/Users/joaocorreia/PycharmProjects/Pysmell/pysmell/subjects/faceswap/plugins/train/model/_base.py,https://github.com/deepfakes/faceswap/blame/master/plugins/train/model/_base.py#L496,496,64,1,1,0,0,True
faceswap,/Users/joaocorreia/PycharmProjects/Pysmell/pysmell/subjects/faceswap/plugins/train/model/_base.py,https://github.com/deepfakes/faceswap/blame/master/plugins/train/model/_base.py#L497,497,26,1,0,0,0,False
faceswap,/Users/joaocorreia/PycharmProjects/Pysmell/pysmell/subjects/faceswap/plugins/train/model/_base.py,https://github.com/deepfakes/faceswap/blame/master/plugins/train/model/_base.py#L589,589,65,1,1,0,0,True
faceswap,/Users/joaocorreia/PycharmProjects/Pysmell/pysmell/subjects/faceswap/plugins/train/model/_base.py,https://github.com/deepfakes/faceswap/blame/master/plugins/train/model/_base.py#L653,653,69,1,1,0,0,True
faceswap,/Users/joaocorreia/PycharmProjects/Pysmell/pysmell/subjects/faceswap/plugins/train/model/_base.py,https://github.com/deepfakes/faceswap/blame/master/plugins/train/model/_base.py#L809,809,63,1,1,0,0,True
faceswap,/Users/joaocorreia/PycharmProjects/Pysmell/pysmell/subjects/faceswap/plugins/train/model/_base.py,https://github.com/deepfakes/faceswap/blame/master/plugins/train/model/_base.py#L872,872,47,1,0,0,0,False
faceswap,/Users/joaocorreia/PycharmProjects/Pysmell/pysmell/subjects/faceswap/plugins/train/model/_base.py,https://github.com/deepfakes/faceswap/blame/master/plugins/train/model/_base.py#L930,930,37,1,0,0,0,False
faceswap,/Users/joaocorreia/PycharmProjects/Pysmell/pysmell/subjects/faceswap/plugins/train/model/_base.py,https://github.com/deepfakes/faceswap/blame/master/plugins/train/model/_base.py#L977,977,34,1,0,0,0,False
faceswap,/Users/joaocorreia/PycharmProjects/Pysmell/pysmell/subjects/faceswap/plugins/train/model/_base.py,https://github.com/deepfakes/faceswap/blame/master/plugins/train/model/_base.py#L981,981,54,2,1,0,0,True
faceswap,/Users/joaocorreia/PycharmProjects/Pysmell/pysmell/subjects/faceswap/plugins/train/model/_base.py,https://github.com/deepfakes/faceswap/blame/master/plugins/train/model/_base.py#L1300,1300,34,1,0,0,0,False
faceswap,/Users/joaocorreia/PycharmProjects/Pysmell/pysmell/subjects/faceswap/plugins/train/model/_base.py,https://github.com/deepfakes/faceswap/blame/master/plugins/train/model/_base.py#L1362,1362,20,1,0,0,0,False
faceswap,/Users/joaocorreia/PycharmProjects/Pysmell/pysmell/subjects/faceswap/plugins/train/model/_base.py,https://github.com/deepfakes/faceswap/blame/master/plugins/train/model/_base.py#L1363,1363,20,1,0,0,0,False
faceswap,/Users/joaocorreia/PycharmProjects/Pysmell/pysmell/subjects/faceswap/plugins/train/model/_base.py,https://github.com/deepfakes/faceswap/blame/master/plugins/train/model/_base.py#L1392,1392,43,1,0,0,0,False
faceswap,/Users/joaocorreia/PycharmProjects/Pysmell/pysmell/subjects/faceswap/plugins/train/model/_base.py,https://github.com/deepfakes/faceswap/blame/master/plugins/train/model/_base.py#L1511,1511,46,1,0,0,0,False
faceswap,/Users/joaocorreia/PycharmProjects/Pysmell/pysmell/subjects/faceswap/plugins/train/model/dlight.py,https://github.com/deepfakes/faceswap/blame/master/plugins/train/model/dlight.py#L29,29,27,1,0,0,0,False
faceswap,/Users/joaocorreia/PycharmProjects/Pysmell/pysmell/subjects/faceswap/plugins/train/model/dlight.py,https://github.com/deepfakes/faceswap/blame/master/plugins/train/model/dlight.py#L54,54,55,1,1,0,0,True
faceswap,/Users/joaocorreia/PycharmProjects/Pysmell/pysmell/subjects/faceswap/plugins/train/model/dlight.py,https://github.com/deepfakes/faceswap/blame/master/plugins/train/model/dlight.py#L213,213,49,1,0,0,0,False
faceswap,/Users/joaocorreia/PycharmProjects/Pysmell/pysmell/subjects/faceswap/plugins/train/model/dfl_h128.py,https://github.com/deepfakes/faceswap/blame/master/plugins/train/model/dfl_h128.py#L17,17,33,1,0,0,0,False
faceswap,/Users/joaocorreia/PycharmProjects/Pysmell/pysmell/subjects/faceswap/plugins/train/model/original.py,https://github.com/deepfakes/faceswap/blame/master/plugins/train/model/original.py#L45,45,25,1,0,0,0,False
faceswap,/Users/joaocorreia/PycharmProjects/Pysmell/pysmell/subjects/faceswap/plugins/train/model/dfl_sae.py,https://github.com/deepfakes/faceswap/blame/master/plugins/train/model/dfl_sae.py#L22,22,41,1,0,0,0,False
faceswap,/Users/joaocorreia/PycharmProjects/Pysmell/pysmell/subjects/faceswap/plugins/train/model/dfl_sae.py,https://github.com/deepfakes/faceswap/blame/master/plugins/train/model/dfl_sae.py#L31,31,39,1,0,0,0,False
faceswap,/Users/joaocorreia/PycharmProjects/Pysmell/pysmell/subjects/faceswap/plugins/extract/pipeline.py,https://github.com/deepfakes/faceswap/blame/master/plugins/extract/pipeline.py#L89,89,48,1,0,0,0,False
faceswap,/Users/joaocorreia/PycharmProjects/Pysmell/pysmell/subjects/faceswap/plugins/extract/pipeline.py,https://github.com/deepfakes/faceswap/blame/master/plugins/extract/pipeline.py#L284,284,33,1,0,0,0,False
faceswap,/Users/joaocorreia/PycharmProjects/Pysmell/pysmell/subjects/faceswap/plugins/extract/pipeline.py,https://github.com/deepfakes/faceswap/blame/master/plugins/extract/pipeline.py#L334,334,33,1,0,0,0,False
faceswap,/Users/joaocorreia/PycharmProjects/Pysmell/pysmell/subjects/faceswap/plugins/extract/pipeline.py,https://github.com/deepfakes/faceswap/blame/master/plugins/extract/pipeline.py#L346,346,33,1,0,0,0,False
faceswap,/Users/joaocorreia/PycharmProjects/Pysmell/pysmell/subjects/faceswap/plugins/extract/pipeline.py,https://github.com/deepfakes/faceswap/blame/master/plugins/extract/pipeline.py#L476,476,39,1,0,0,0,False
faceswap,/Users/joaocorreia/PycharmProjects/Pysmell/pysmell/subjects/faceswap/plugins/extract/pipeline.py,https://github.com/deepfakes/faceswap/blame/master/plugins/extract/pipeline.py#L559,559,37,1,0,0,0,False
faceswap,/Users/joaocorreia/PycharmProjects/Pysmell/pysmell/subjects/faceswap/plugins/extract/detect/_base.py,https://github.com/deepfakes/faceswap/blame/master/plugins/extract/detect/_base.py#L126,126,38,1,0,0,0,False
faceswap,/Users/joaocorreia/PycharmProjects/Pysmell/pysmell/subjects/faceswap/plugins/extract/detect/_base.py,https://github.com/deepfakes/faceswap/blame/master/plugins/extract/detect/_base.py#L154,154,38,1,0,0,0,False
faceswap,/Users/joaocorreia/PycharmProjects/Pysmell/pysmell/subjects/faceswap/plugins/extract/detect/_base.py,https://github.com/deepfakes/faceswap/blame/master/plugins/extract/detect/_base.py#L162,162,52,1,0,0,0,False
faceswap,/Users/joaocorreia/PycharmProjects/Pysmell/pysmell/subjects/faceswap/plugins/extract/detect/_base.py,https://github.com/deepfakes/faceswap/blame/master/plugins/extract/detect/_base.py#L213,213,31,1,0,0,0,False
faceswap,/Users/joaocorreia/PycharmProjects/Pysmell/pysmell/subjects/faceswap/plugins/extract/detect/_base.py,https://github.com/deepfakes/faceswap/blame/master/plugins/extract/detect/_base.py#L258,258,46,1,0,0,0,False
faceswap,/Users/joaocorreia/PycharmProjects/Pysmell/pysmell/subjects/faceswap/plugins/extract/detect/s3fd.py,https://github.com/deepfakes/faceswap/blame/master/plugins/extract/detect/s3fd.py#L113,113,21,1,0,0,0,False
faceswap,/Users/joaocorreia/PycharmProjects/Pysmell/pysmell/subjects/faceswap/plugins/extract/detect/s3fd.py,https://github.com/deepfakes/faceswap/blame/master/plugins/extract/detect/s3fd.py#L236,236,37,1,0,0,0,False
faceswap,/Users/joaocorreia/PycharmProjects/Pysmell/pysmell/subjects/faceswap/plugins/extract/detect/s3fd.py,https://github.com/deepfakes/faceswap/blame/master/plugins/extract/detect/s3fd.py#L244,244,36,1,0,0,0,False
faceswap,/Users/joaocorreia/PycharmProjects/Pysmell/pysmell/subjects/faceswap/plugins/extract/detect/s3fd.py,https://github.com/deepfakes/faceswap/blame/master/plugins/extract/detect/s3fd.py#L285,285,50,1,0,0,0,False
faceswap,/Users/joaocorreia/PycharmProjects/Pysmell/pysmell/subjects/faceswap/plugins/extract/detect/s3fd.py,https://github.com/deepfakes/faceswap/blame/master/plugins/extract/detect/s3fd.py#L506,506,53,1,0,0,0,False
faceswap,/Users/joaocorreia/PycharmProjects/Pysmell/pysmell/subjects/faceswap/plugins/extract/align/_base.py,https://github.com/deepfakes/faceswap/blame/master/plugins/extract/align/_base.py#L78,78,58,1,1,0,0,True
faceswap,/Users/joaocorreia/PycharmProjects/Pysmell/pysmell/subjects/faceswap/plugins/extract/align/_base.py,https://github.com/deepfakes/faceswap/blame/master/plugins/extract/align/_base.py#L148,148,38,1,0,0,0,False
faceswap,/Users/joaocorreia/PycharmProjects/Pysmell/pysmell/subjects/faceswap/plugins/extract/align/_base.py,https://github.com/deepfakes/faceswap/blame/master/plugins/extract/align/_base.py#L197,197,44,1,0,0,0,False
faceswap,/Users/joaocorreia/PycharmProjects/Pysmell/pysmell/subjects/faceswap/plugins/extract/align/cv2_dnn.py,https://github.com/deepfakes/faceswap/blame/master/plugins/extract/align/cv2_dnn.py#L81,81,66,1,1,0,0,True
faceswap,/Users/joaocorreia/PycharmProjects/Pysmell/pysmell/subjects/faceswap/plugins/extract/align/cv2_dnn.py,https://github.com/deepfakes/faceswap/blame/master/plugins/extract/align/cv2_dnn.py#L134,134,27,1,0,0,0,False
faceswap,/Users/joaocorreia/PycharmProjects/Pysmell/pysmell/subjects/faceswap/plugins/extract/align/cv2_dnn.py,https://github.com/deepfakes/faceswap/blame/master/plugins/extract/align/cv2_dnn.py#L135,135,27,1,0,0,0,False
faceswap,/Users/joaocorreia/PycharmProjects/Pysmell/pysmell/subjects/faceswap/plugins/extract/align/cv2_dnn.py,https://github.com/deepfakes/faceswap/blame/master/plugins/extract/align/cv2_dnn.py#L136,136,35,1,0,0,0,False
faceswap,/Users/joaocorreia/PycharmProjects/Pysmell/pysmell/subjects/faceswap/plugins/extract/align/cv2_dnn.py,https://github.com/deepfakes/faceswap/blame/master/plugins/extract/align/cv2_dnn.py#L137,137,37,1,0,0,0,False
faceswap,/Users/joaocorreia/PycharmProjects/Pysmell/pysmell/subjects/faceswap/plugins/extract/align/fan.py,https://github.com/deepfakes/faceswap/blame/master/plugins/extract/align/fan.py#L80,80,22,1,0,0,0,False
faceswap,/Users/joaocorreia/PycharmProjects/Pysmell/pysmell/subjects/faceswap/plugins/extract/align/fan.py,https://github.com/deepfakes/faceswap/blame/master/plugins/extract/align/fan.py#L95,95,63,1,1,0,0,True
faceswap,/Users/joaocorreia/PycharmProjects/Pysmell/pysmell/subjects/faceswap/plugins/extract/mask/_base.py,https://github.com/deepfakes/faceswap/blame/master/plugins/extract/mask/_base.py#L140,140,38,1,0,0,0,False
faceswap,/Users/joaocorreia/PycharmProjects/Pysmell/pysmell/subjects/faceswap/plugins/extract/mask/_base.py,https://github.com/deepfakes/faceswap/blame/master/plugins/extract/mask/_base.py#L194,194,44,1,0,0,0,False
faceswap,/Users/joaocorreia/PycharmProjects/Pysmell/pysmell/subjects/faceswap/plugins/extract/mask/_base.py,https://github.com/deepfakes/faceswap/blame/master/plugins/extract/mask/_base.py#L217,217,46,1,0,0,0,False
faceswap,/Users/joaocorreia/PycharmProjects/Pysmell/pysmell/subjects/faceswap/plugins/extract/mask/_base.py,https://github.com/deepfakes/faceswap/blame/master/plugins/extract/mask/_base.py#L219,219,42,1,0,0,0,False
faceswap,/Users/joaocorreia/PycharmProjects/Pysmell/pysmell/subjects/faceswap/plugins/extract/mask/vgg_obstructed.py,https://github.com/deepfakes/faceswap/blame/master/plugins/extract/mask/vgg_obstructed.py#L172,172,38,1,0,0,0,False
faceswap,/Users/joaocorreia/PycharmProjects/Pysmell/pysmell/subjects/faceswap/plugins/extract/mask/vgg_clear.py,https://github.com/deepfakes/faceswap/blame/master/plugins/extract/mask/vgg_clear.py#L173,173,38,1,0,0,0,False
faceswap,/Users/joaocorreia/PycharmProjects/Pysmell/pysmell/subjects/faceswap/plugins/extract/recognition/vgg_face2_keras.py,https://github.com/deepfakes/faceswap/blame/master/plugins/extract/recognition/vgg_face2_keras.py#L93,93,66,1,1,0,0,True
faceswap,/Users/joaocorreia/PycharmProjects/Pysmell/pysmell/subjects/faceswap/plugins/convert/color/manual_balance.py,https://github.com/deepfakes/faceswap/blame/master/plugins/convert/color/manual_balance.py#L45,45,40,1,0,0,0,False
faceswap,/Users/joaocorreia/PycharmProjects/Pysmell/pysmell/subjects/faceswap/plugins/convert/color/manual_balance.py,https://github.com/deepfakes/faceswap/blame/master/plugins/convert/color/manual_balance.py#L46,46,66,1,1,0,0,True
faceswap,/Users/joaocorreia/PycharmProjects/Pysmell/pysmell/subjects/faceswap/plugins/convert/writer/pillow.py,https://github.com/deepfakes/faceswap/blame/master/plugins/convert/writer/pillow.py#L56,56,49,1,0,0,0,False
faceswap,/Users/joaocorreia/PycharmProjects/Pysmell/pysmell/subjects/faceswap/plugins/convert/mask/box_blend.py,https://github.com/deepfakes/faceswap/blame/master/plugins/convert/mask/box_blend.py#L26,26,40,1,0,0,0,False
faceswap,/Users/joaocorreia/PycharmProjects/Pysmell/pysmell/subjects/faceswap/plugins/convert/mask/mask_blend.py,https://github.com/deepfakes/faceswap/blame/master/plugins/convert/mask/mask_blend.py#L86,86,56,1,1,0,0,True
faceswap,/Users/joaocorreia/PycharmProjects/Pysmell/pysmell/subjects/faceswap/tests/lib/model/optimizers_test.py,https://github.com/deepfakes/faceswap/blame/master/tests/lib/model/optimizers_test.py#L44,44,43,1,0,0,0,False
faceswap,/Users/joaocorreia/PycharmProjects/Pysmell/pysmell/subjects/faceswap/scripts/fsmedia.py,https://github.com/deepfakes/faceswap/blame/master/scripts/fsmedia.py#L246,246,65,1,1,0,0,True
faceswap,/Users/joaocorreia/PycharmProjects/Pysmell/pysmell/subjects/faceswap/scripts/fsmedia.py,https://github.com/deepfakes/faceswap/blame/master/scripts/fsmedia.py#L363,363,34,1,0,0,0,False
faceswap,/Users/joaocorreia/PycharmProjects/Pysmell/pysmell/subjects/faceswap/scripts/fsmedia.py,https://github.com/deepfakes/faceswap/blame/master/scripts/fsmedia.py#L366,366,39,1,0,0,0,False
faceswap,/Users/joaocorreia/PycharmProjects/Pysmell/pysmell/subjects/faceswap/scripts/fsmedia.py,https://github.com/deepfakes/faceswap/blame/master/scripts/fsmedia.py#L367,367,41,1,0,0,0,False
faceswap,/Users/joaocorreia/PycharmProjects/Pysmell/pysmell/subjects/faceswap/scripts/fsmedia.py,https://github.com/deepfakes/faceswap/blame/master/scripts/fsmedia.py#L418,418,37,1,0,0,0,False
faceswap,/Users/joaocorreia/PycharmProjects/Pysmell/pysmell/subjects/faceswap/scripts/fsmedia.py,https://github.com/deepfakes/faceswap/blame/master/scripts/fsmedia.py#L596,596,43,1,0,0,0,False
faceswap,/Users/joaocorreia/PycharmProjects/Pysmell/pysmell/subjects/faceswap/scripts/fsmedia.py,https://github.com/deepfakes/faceswap/blame/master/scripts/fsmedia.py#L623,623,64,1,1,0,0,True
faceswap,/Users/joaocorreia/PycharmProjects/Pysmell/pysmell/subjects/faceswap/scripts/train.py,https://github.com/deepfakes/faceswap/blame/master/scripts/train.py#L297,297,39,1,0,0,0,False
faceswap,/Users/joaocorreia/PycharmProjects/Pysmell/pysmell/subjects/faceswap/scripts/train.py,https://github.com/deepfakes/faceswap/blame/master/scripts/train.py#L340,340,62,1,1,0,0,True
faceswap,/Users/joaocorreia/PycharmProjects/Pysmell/pysmell/subjects/faceswap/scripts/extract.py,https://github.com/deepfakes/faceswap/blame/master/scripts/extract.py#L51,51,63,1,1,0,0,True
faceswap,/Users/joaocorreia/PycharmProjects/Pysmell/pysmell/subjects/faceswap/scripts/extract.py,https://github.com/deepfakes/faceswap/blame/master/scripts/extract.py#L52,52,68,1,1,0,0,True
faceswap,/Users/joaocorreia/PycharmProjects/Pysmell/pysmell/subjects/faceswap/scripts/extract.py,https://github.com/deepfakes/faceswap/blame/master/scripts/extract.py#L55,55,42,1,0,0,0,False
faceswap,/Users/joaocorreia/PycharmProjects/Pysmell/pysmell/subjects/faceswap/scripts/extract.py,https://github.com/deepfakes/faceswap/blame/master/scripts/extract.py#L80,80,70,1,1,0,0,True
faceswap,/Users/joaocorreia/PycharmProjects/Pysmell/pysmell/subjects/faceswap/scripts/extract.py,https://github.com/deepfakes/faceswap/blame/master/scripts/extract.py#L136,136,38,1,0,0,0,False
faceswap,/Users/joaocorreia/PycharmProjects/Pysmell/pysmell/subjects/faceswap/scripts/extract.py,https://github.com/deepfakes/faceswap/blame/master/scripts/extract.py#L194,194,50,1,0,0,0,False
faceswap,/Users/joaocorreia/PycharmProjects/Pysmell/pysmell/subjects/faceswap/scripts/extract.py,https://github.com/deepfakes/faceswap/blame/master/scripts/extract.py#L205,205,71,1,1,0,0,True
faceswap,/Users/joaocorreia/PycharmProjects/Pysmell/pysmell/subjects/faceswap/lib/config.py,https://github.com/deepfakes/faceswap/blame/master/lib/config.py#L153,153,31,1,0,0,0,False
faceswap,/Users/joaocorreia/PycharmProjects/Pysmell/pysmell/subjects/faceswap/lib/config.py,https://github.com/deepfakes/faceswap/blame/master/lib/config.py#L227,227,37,1,0,0,0,False
faceswap,/Users/joaocorreia/PycharmProjects/Pysmell/pysmell/subjects/faceswap/lib/config.py,https://github.com/deepfakes/faceswap/blame/master/lib/config.py#L238,238,37,1,0,0,0,False
faceswap,/Users/joaocorreia/PycharmProjects/Pysmell/pysmell/subjects/faceswap/lib/convert.py,https://github.com/deepfakes/faceswap/blame/master/lib/convert.py#L230,230,50,1,0,0,0,False
faceswap,/Users/joaocorreia/PycharmProjects/Pysmell/pysmell/subjects/faceswap/lib/convert.py,https://github.com/deepfakes/faceswap/blame/master/lib/convert.py#L274,274,55,1,1,0,0,True
faceswap,/Users/joaocorreia/PycharmProjects/Pysmell/pysmell/subjects/faceswap/lib/convert.py,https://github.com/deepfakes/faceswap/blame/master/lib/convert.py#L367,367,50,1,0,0,0,False
faceswap,/Users/joaocorreia/PycharmProjects/Pysmell/pysmell/subjects/faceswap/lib/faces_detect.py,https://github.com/deepfakes/faceswap/blame/master/lib/faces_detect.py#L78,78,54,1,1,0,0,True
faceswap,/Users/joaocorreia/PycharmProjects/Pysmell/pysmell/subjects/faceswap/lib/faces_detect.py,https://github.com/deepfakes/faceswap/blame/master/lib/faces_detect.py#L80,80,50,1,0,0,0,False
faceswap,/Users/joaocorreia/PycharmProjects/Pysmell/pysmell/subjects/faceswap/lib/faces_detect.py,https://github.com/deepfakes/faceswap/blame/master/lib/faces_detect.py#L89,89,28,1,0,0,0,False
faceswap,/Users/joaocorreia/PycharmProjects/Pysmell/pysmell/subjects/faceswap/lib/faces_detect.py,https://github.com/deepfakes/faceswap/blame/master/lib/faces_detect.py#L187,187,28,1,0,0,0,False
faceswap,/Users/joaocorreia/PycharmProjects/Pysmell/pysmell/subjects/faceswap/lib/faces_detect.py,https://github.com/deepfakes/faceswap/blame/master/lib/faces_detect.py#L188,188,52,1,0,0,0,False
faceswap,/Users/joaocorreia/PycharmProjects/Pysmell/pysmell/subjects/faceswap/lib/faces_detect.py,https://github.com/deepfakes/faceswap/blame/master/lib/faces_detect.py#L322,322,41,1,0,0,0,False
faceswap,/Users/joaocorreia/PycharmProjects/Pysmell/pysmell/subjects/faceswap/lib/faces_detect.py,https://github.com/deepfakes/faceswap/blame/master/lib/faces_detect.py#L324,324,37,1,0,0,0,False
faceswap,/Users/joaocorreia/PycharmProjects/Pysmell/pysmell/subjects/faceswap/lib/faces_detect.py,https://github.com/deepfakes/faceswap/blame/master/lib/faces_detect.py#L368,368,55,1,1,0,0,True
faceswap,/Users/joaocorreia/PycharmProjects/Pysmell/pysmell/subjects/faceswap/lib/faces_detect.py,https://github.com/deepfakes/faceswap/blame/master/lib/faces_detect.py#L375,375,41,1,0,0,0,False
faceswap,/Users/joaocorreia/PycharmProjects/Pysmell/pysmell/subjects/faceswap/lib/faces_detect.py,https://github.com/deepfakes/faceswap/blame/master/lib/faces_detect.py#L413,413,41,1,0,0,0,False
faceswap,/Users/joaocorreia/PycharmProjects/Pysmell/pysmell/subjects/faceswap/lib/faces_detect.py,https://github.com/deepfakes/faceswap/blame/master/lib/faces_detect.py#L599,599,42,1,0,0,0,False
faceswap,/Users/joaocorreia/PycharmProjects/Pysmell/pysmell/subjects/faceswap/lib/faces_detect.py,https://github.com/deepfakes/faceswap/blame/master/lib/faces_detect.py#L783,783,48,1,0,0,0,False
faceswap,/Users/joaocorreia/PycharmProjects/Pysmell/pysmell/subjects/faceswap/lib/faces_detect.py,https://github.com/deepfakes/faceswap/blame/master/lib/faces_detect.py#L824,824,25,1,0,0,0,False
faceswap,/Users/joaocorreia/PycharmProjects/Pysmell/pysmell/subjects/faceswap/lib/faces_detect.py,https://github.com/deepfakes/faceswap/blame/master/lib/faces_detect.py#L838,838,53,1,0,0,0,False
faceswap,/Users/joaocorreia/PycharmProjects/Pysmell/pysmell/subjects/faceswap/lib/faces_detect.py,https://github.com/deepfakes/faceswap/blame/master/lib/faces_detect.py#L854,854,61,1,1,0,0,True
faceswap,/Users/joaocorreia/PycharmProjects/Pysmell/pysmell/subjects/faceswap/lib/faces_detect.py,https://github.com/deepfakes/faceswap/blame/master/lib/faces_detect.py#L988,988,28,1,0,0,0,False
faceswap,/Users/joaocorreia/PycharmProjects/Pysmell/pysmell/subjects/faceswap/lib/logger.py,https://github.com/deepfakes/faceswap/blame/master/lib/logger.py#L229,229,38,1,0,0,0,False
faceswap,/Users/joaocorreia/PycharmProjects/Pysmell/pysmell/subjects/faceswap/lib/gpu_stats.py,https://github.com/deepfakes/faceswap/blame/master/lib/gpu_stats.py#L64,64,40,1,0,0,0,False
faceswap,/Users/joaocorreia/PycharmProjects/Pysmell/pysmell/subjects/faceswap/lib/gpu_stats.py,https://github.com/deepfakes/faceswap/blame/master/lib/gpu_stats.py#L163,163,64,1,1,0,0,True
faceswap,/Users/joaocorreia/PycharmProjects/Pysmell/pysmell/subjects/faceswap/lib/face_filter.py,https://github.com/deepfakes/faceswap/blame/master/lib/face_filter.py#L126,126,21,1,0,0,0,False
faceswap,/Users/joaocorreia/PycharmProjects/Pysmell/pysmell/subjects/faceswap/lib/face_filter.py,https://github.com/deepfakes/faceswap/blame/master/lib/face_filter.py#L127,127,21,1,0,0,0,False
faceswap,/Users/joaocorreia/PycharmProjects/Pysmell/pysmell/subjects/faceswap/lib/utils.py,https://github.com/deepfakes/faceswap/blame/master/lib/utils.py#L281,281,30,1,0,0,0,False
faceswap,/Users/joaocorreia/PycharmProjects/Pysmell/pysmell/subjects/faceswap/lib/utils.py,https://github.com/deepfakes/faceswap/blame/master/lib/utils.py#L345,345,17,1,0,0,0,False
faceswap,/Users/joaocorreia/PycharmProjects/Pysmell/pysmell/subjects/faceswap/lib/utils.py,https://github.com/deepfakes/faceswap/blame/master/lib/utils.py#L425,425,37,1,0,0,0,False
faceswap,/Users/joaocorreia/PycharmProjects/Pysmell/pysmell/subjects/faceswap/lib/utils.py,https://github.com/deepfakes/faceswap/blame/master/lib/utils.py#L475,475,56,1,1,0,0,True
faceswap,/Users/joaocorreia/PycharmProjects/Pysmell/pysmell/subjects/faceswap/lib/utils.py,https://github.com/deepfakes/faceswap/blame/master/lib/utils.py#L531,531,34,1,0,0,0,False
faceswap,/Users/joaocorreia/PycharmProjects/Pysmell/pysmell/subjects/faceswap/lib/utils.py,https://github.com/deepfakes/faceswap/blame/master/lib/utils.py#L633,633,45,1,0,0,0,False
faceswap,/Users/joaocorreia/PycharmProjects/Pysmell/pysmell/subjects/faceswap/lib/utils.py,https://github.com/deepfakes/faceswap/blame/master/lib/utils.py#L634,634,30,1,0,0,0,False
faceswap,/Users/joaocorreia/PycharmProjects/Pysmell/pysmell/subjects/faceswap/lib/utils.py,https://github.com/deepfakes/faceswap/blame/master/lib/utils.py#L636,636,103,3,1,1,1,True
faceswap,/Users/joaocorreia/PycharmProjects/Pysmell/pysmell/subjects/faceswap/lib/vgg_face.py,https://github.com/deepfakes/faceswap/blame/master/lib/vgg_face.py#L73,73,66,1,1,0,0,True
faceswap,/Users/joaocorreia/PycharmProjects/Pysmell/pysmell/subjects/faceswap/lib/plaidml_tools.py,https://github.com/deepfakes/faceswap/blame/master/lib/plaidml_tools.py#L94,94,61,1,1,0,0,True
faceswap,/Users/joaocorreia/PycharmProjects/Pysmell/pysmell/subjects/faceswap/lib/plaidml_tools.py,https://github.com/deepfakes/faceswap/blame/master/lib/plaidml_tools.py#L239,239,54,1,1,0,0,True
faceswap,/Users/joaocorreia/PycharmProjects/Pysmell/pysmell/subjects/faceswap/lib/cli/launcher.py,https://github.com/deepfakes/faceswap/blame/master/lib/cli/launcher.py#L44,44,72,1,1,0,0,True
faceswap,/Users/joaocorreia/PycharmProjects/Pysmell/pysmell/subjects/faceswap/lib/gui/options.py,https://github.com/deepfakes/faceswap/blame/master/lib/gui/options.py#L141,141,34,1,0,0,0,False
faceswap,/Users/joaocorreia/PycharmProjects/Pysmell/pysmell/subjects/faceswap/lib/gui/options.py,https://github.com/deepfakes/faceswap/blame/master/lib/gui/options.py#L236,236,44,1,0,0,0,False
faceswap,/Users/joaocorreia/PycharmProjects/Pysmell/pysmell/subjects/faceswap/lib/gui/command.py,https://github.com/deepfakes/faceswap/blame/master/lib/gui/command.py#L55,55,48,1,0,0,0,False
faceswap,/Users/joaocorreia/PycharmProjects/Pysmell/pysmell/subjects/faceswap/lib/gui/display_analysis.py,https://github.com/deepfakes/faceswap/blame/master/lib/gui/display_analysis.py#L355,355,38,1,0,0,0,False
faceswap,/Users/joaocorreia/PycharmProjects/Pysmell/pysmell/subjects/faceswap/lib/gui/display_analysis.py,https://github.com/deepfakes/faceswap/blame/master/lib/gui/display_analysis.py#L464,464,41,1,0,0,0,False
faceswap,/Users/joaocorreia/PycharmProjects/Pysmell/pysmell/subjects/faceswap/lib/gui/popup_session.py,https://github.com/deepfakes/faceswap/blame/master/lib/gui/popup_session.py#L32,32,39,1,0,0,0,False
faceswap,/Users/joaocorreia/PycharmProjects/Pysmell/pysmell/subjects/faceswap/lib/gui/popup_session.py,https://github.com/deepfakes/faceswap/blame/master/lib/gui/popup_session.py#L33,33,46,1,0,0,0,False
faceswap,/Users/joaocorreia/PycharmProjects/Pysmell/pysmell/subjects/faceswap/lib/gui/popup_session.py,https://github.com/deepfakes/faceswap/blame/master/lib/gui/popup_session.py#L127,127,66,1,1,0,0,True
faceswap,/Users/joaocorreia/PycharmProjects/Pysmell/pysmell/subjects/faceswap/lib/gui/display_command.py,https://github.com/deepfakes/faceswap/blame/master/lib/gui/display_command.py#L27,27,37,1,0,0,0,False
faceswap,/Users/joaocorreia/PycharmProjects/Pysmell/pysmell/subjects/faceswap/lib/gui/display_command.py,https://github.com/deepfakes/faceswap/blame/master/lib/gui/display_command.py#L168,168,37,1,0,0,0,False
faceswap,/Users/joaocorreia/PycharmProjects/Pysmell/pysmell/subjects/faceswap/lib/gui/menu.py,https://github.com/deepfakes/faceswap/blame/master/lib/gui/menu.py#L192,192,29,1,0,0,0,False
faceswap,/Users/joaocorreia/PycharmProjects/Pysmell/pysmell/subjects/faceswap/lib/gui/menu.py,https://github.com/deepfakes/faceswap/blame/master/lib/gui/menu.py#L324,324,55,1,1,0,0,True
faceswap,/Users/joaocorreia/PycharmProjects/Pysmell/pysmell/subjects/faceswap/lib/gui/menu.py,https://github.com/deepfakes/faceswap/blame/master/lib/gui/menu.py#L552,552,52,1,0,0,0,False
faceswap,/Users/joaocorreia/PycharmProjects/Pysmell/pysmell/subjects/faceswap/lib/gui/menu.py,https://github.com/deepfakes/faceswap/blame/master/lib/gui/menu.py#L567,567,58,1,1,0,0,True
faceswap,/Users/joaocorreia/PycharmProjects/Pysmell/pysmell/subjects/faceswap/lib/gui/display_graph.py,https://github.com/deepfakes/faceswap/blame/master/lib/gui/display_graph.py#L41,41,53,1,0,0,0,False
faceswap,/Users/joaocorreia/PycharmProjects/Pysmell/pysmell/subjects/faceswap/lib/gui/stats.py,https://github.com/deepfakes/faceswap/blame/master/lib/gui/stats.py#L588,588,43,1,0,0,0,False
faceswap,/Users/joaocorreia/PycharmProjects/Pysmell/pysmell/subjects/faceswap/lib/gui/stats.py,https://github.com/deepfakes/faceswap/blame/master/lib/gui/stats.py#L589,589,43,1,0,0,0,False
faceswap,/Users/joaocorreia/PycharmProjects/Pysmell/pysmell/subjects/faceswap/lib/gui/stats.py,https://github.com/deepfakes/faceswap/blame/master/lib/gui/stats.py#L590,590,44,1,0,0,0,False
faceswap,/Users/joaocorreia/PycharmProjects/Pysmell/pysmell/subjects/faceswap/lib/gui/stats.py,https://github.com/deepfakes/faceswap/blame/master/lib/gui/stats.py#L600,600,35,1,0,0,0,False
faceswap,/Users/joaocorreia/PycharmProjects/Pysmell/pysmell/subjects/faceswap/lib/gui/stats.py,https://github.com/deepfakes/faceswap/blame/master/lib/gui/stats.py#L601,601,35,1,0,0,0,False
faceswap,/Users/joaocorreia/PycharmProjects/Pysmell/pysmell/subjects/faceswap/lib/gui/stats.py,https://github.com/deepfakes/faceswap/blame/master/lib/gui/stats.py#L602,602,36,1,0,0,0,False
faceswap,/Users/joaocorreia/PycharmProjects/Pysmell/pysmell/subjects/faceswap/lib/gui/stats.py,https://github.com/deepfakes/faceswap/blame/master/lib/gui/stats.py#L640,640,87,2,1,0,0,True
faceswap,/Users/joaocorreia/PycharmProjects/Pysmell/pysmell/subjects/faceswap/lib/gui/stats.py,https://github.com/deepfakes/faceswap/blame/master/lib/gui/stats.py#L667,667,69,1,1,0,0,True
faceswap,/Users/joaocorreia/PycharmProjects/Pysmell/pysmell/subjects/faceswap/lib/gui/stats.py,https://github.com/deepfakes/faceswap/blame/master/lib/gui/stats.py#L704,704,37,1,0,0,0,False
faceswap,/Users/joaocorreia/PycharmProjects/Pysmell/pysmell/subjects/faceswap/lib/gui/stats.py,https://github.com/deepfakes/faceswap/blame/master/lib/gui/stats.py#L801,801,52,1,0,0,0,False
faceswap,/Users/joaocorreia/PycharmProjects/Pysmell/pysmell/subjects/faceswap/lib/gui/stats.py,https://github.com/deepfakes/faceswap/blame/master/lib/gui/stats.py#L802,802,55,1,1,0,0,True
faceswap,/Users/joaocorreia/PycharmProjects/Pysmell/pysmell/subjects/faceswap/lib/gui/stats.py,https://github.com/deepfakes/faceswap/blame/master/lib/gui/stats.py#L913,913,37,1,0,0,0,False
faceswap,/Users/joaocorreia/PycharmProjects/Pysmell/pysmell/subjects/faceswap/lib/gui/stats.py,https://github.com/deepfakes/faceswap/blame/master/lib/gui/stats.py#L930,930,61,1,1,0,0,True
faceswap,/Users/joaocorreia/PycharmProjects/Pysmell/pysmell/subjects/faceswap/lib/gui/stats.py,https://github.com/deepfakes/faceswap/blame/master/lib/gui/stats.py#L1115,1115,48,1,0,0,0,False
faceswap,/Users/joaocorreia/PycharmProjects/Pysmell/pysmell/subjects/faceswap/lib/gui/stats.py,https://github.com/deepfakes/faceswap/blame/master/lib/gui/stats.py#L1207,1207,33,1,0,0,0,False
faceswap,/Users/joaocorreia/PycharmProjects/Pysmell/pysmell/subjects/faceswap/lib/gui/display_page.py,https://github.com/deepfakes/faceswap/blame/master/lib/gui/display_page.py#L108,108,45,1,0,0,0,False
faceswap,/Users/joaocorreia/PycharmProjects/Pysmell/pysmell/subjects/faceswap/lib/gui/popup_configure.py,https://github.com/deepfakes/faceswap/blame/master/lib/gui/popup_configure.py#L106,106,46,1,0,0,0,False
faceswap,/Users/joaocorreia/PycharmProjects/Pysmell/pysmell/subjects/faceswap/lib/gui/popup_configure.py,https://github.com/deepfakes/faceswap/blame/master/lib/gui/popup_configure.py#L223,223,40,1,0,0,0,False
faceswap,/Users/joaocorreia/PycharmProjects/Pysmell/pysmell/subjects/faceswap/lib/model/session.py,https://github.com/deepfakes/faceswap/blame/master/lib/model/session.py#L57,57,41,1,0,0,0,False
faceswap,/Users/joaocorreia/PycharmProjects/Pysmell/pysmell/subjects/faceswap/lib/model/initializers.py,https://github.com/deepfakes/faceswap/blame/master/lib/model/initializers.py#L231,231,47,1,0,0,0,False
faceswap,/Users/joaocorreia/PycharmProjects/Pysmell/pysmell/subjects/faceswap/lib/model/backup_restore.py,https://github.com/deepfakes/faceswap/blame/master/lib/model/backup_restore.py#L115,115,44,1,0,0,0,False
pix2code,/Users/joaocorreia/PycharmProjects/Pysmell/pysmell/subjects/pix2code/model/generate.py,https://github.com/tonybeltramelli/pix2code/blame/master/model/generate.py#L23,23,34,1,0,0,0,False
pix2code,/Users/joaocorreia/PycharmProjects/Pysmell/pysmell/subjects/pix2code/model/build_datasets.py,https://github.com/tonybeltramelli/pix2code/blame/master/model/build_datasets.py#L22,22,27,1,0,0,0,False
pix2code,/Users/joaocorreia/PycharmProjects/Pysmell/pysmell/subjects/pix2code/model/train.py,https://github.com/tonybeltramelli/pix2code/blame/master/model/train.py#L63,63,58,1,1,0,0,True
pix2code,/Users/joaocorreia/PycharmProjects/Pysmell/pysmell/subjects/pix2code/model/train.py,https://github.com/tonybeltramelli/pix2code/blame/master/model/train.py#L63,63,32,1,0,0,0,False
pix2code,/Users/joaocorreia/PycharmProjects/Pysmell/pysmell/subjects/pix2code/model/train.py,https://github.com/tonybeltramelli/pix2code/blame/master/model/train.py#L64,64,30,1,0,0,0,False
pix2code,/Users/joaocorreia/PycharmProjects/Pysmell/pysmell/subjects/pix2code/model/sample.py,https://github.com/tonybeltramelli/pix2code/blame/master/model/sample.py#L23,23,34,1,0,0,0,False
pix2code,/Users/joaocorreia/PycharmProjects/Pysmell/pysmell/subjects/pix2code/model/classes/model/AModel.py,https://github.com/tonybeltramelli/pix2code/blame/master/model/classes/model/AModel.py#L21,21,29,1,0,0,0,False
Detectron,/Users/joaocorreia/PycharmProjects/Pysmell/pysmell/subjects/Detectron/tools/pickle_caffe_blobs.py,https://github.com/facebookresearch/Detectron/blame/master/tools/pickle_caffe_blobs.py#L83,83,59,2,1,0,0,True
Detectron,/Users/joaocorreia/PycharmProjects/Pysmell/pysmell/subjects/Detectron/tools/convert_pkl_to_pb.py,https://github.com/facebookresearch/Detectron/blame/master/tools/convert_pkl_to_pb.py#L197,197,59,1,1,0,0,True
Detectron,/Users/joaocorreia/PycharmProjects/Pysmell/pysmell/subjects/Detectron/tools/convert_pkl_to_pb.py,https://github.com/facebookresearch/Detectron/blame/master/tools/convert_pkl_to_pb.py#L200,200,41,1,0,0,0,False
Detectron,/Users/joaocorreia/PycharmProjects/Pysmell/pysmell/subjects/Detectron/tools/convert_pkl_to_pb.py,https://github.com/facebookresearch/Detectron/blame/master/tools/convert_pkl_to_pb.py#L203,203,91,3,1,1,1,True
Detectron,/Users/joaocorreia/PycharmProjects/Pysmell/pysmell/subjects/Detectron/tools/convert_pkl_to_pb.py,https://github.com/facebookresearch/Detectron/blame/master/tools/convert_pkl_to_pb.py#L503,503,62,1,1,0,0,True
Detectron,/Users/joaocorreia/PycharmProjects/Pysmell/pysmell/subjects/Detectron/tools/convert_pkl_to_pb.py,https://github.com/facebookresearch/Detectron/blame/master/tools/convert_pkl_to_pb.py#L560,560,81,3,1,1,1,True
Detectron,/Users/joaocorreia/PycharmProjects/Pysmell/pysmell/subjects/Detectron/tools/convert_pkl_to_pb.py,https://github.com/facebookresearch/Detectron/blame/master/tools/convert_pkl_to_pb.py#L661,661,44,1,0,0,0,False
Detectron,/Users/joaocorreia/PycharmProjects/Pysmell/pysmell/subjects/Detectron/tools/infer.py,https://github.com/facebookresearch/Detectron/blame/master/tools/infer.py#L148,148,46,1,0,0,0,False
Detectron,/Users/joaocorreia/PycharmProjects/Pysmell/pysmell/subjects/Detectron/tools/infer.py,https://github.com/facebookresearch/Detectron/blame/master/tools/infer.py#L149,149,46,1,0,0,0,False
Detectron,/Users/joaocorreia/PycharmProjects/Pysmell/pysmell/subjects/Detectron/tools/infer.py,https://github.com/facebookresearch/Detectron/blame/master/tools/infer.py#L150,150,46,1,0,0,0,False
Detectron,/Users/joaocorreia/PycharmProjects/Pysmell/pysmell/subjects/Detectron/detectron/core/config.py,https://github.com/facebookresearch/Detectron/blame/master/detectron/core/config.py#L1122,1122,42,1,0,0,0,False
Detectron,/Users/joaocorreia/PycharmProjects/Pysmell/pysmell/subjects/Detectron/detectron/core/config.py,https://github.com/facebookresearch/Detectron/blame/master/detectron/core/config.py#L1123,1123,29,1,0,0,0,False
Detectron,/Users/joaocorreia/PycharmProjects/Pysmell/pysmell/subjects/Detectron/detectron/core/config.py,https://github.com/facebookresearch/Detectron/blame/master/detectron/core/config.py#L1133,1133,40,1,0,0,0,False
Detectron,/Users/joaocorreia/PycharmProjects/Pysmell/pysmell/subjects/Detectron/detectron/core/config.py,https://github.com/facebookresearch/Detectron/blame/master/detectron/core/config.py#L1194,1194,50,1,0,0,0,False
Detectron,/Users/joaocorreia/PycharmProjects/Pysmell/pysmell/subjects/Detectron/detectron/core/test_retinanet.py,https://github.com/facebookresearch/Detectron/blame/master/detectron/core/test_retinanet.py#L119,119,46,1,0,0,0,False
Detectron,/Users/joaocorreia/PycharmProjects/Pysmell/pysmell/subjects/Detectron/detectron/core/test_retinanet.py,https://github.com/facebookresearch/Detectron/blame/master/detectron/core/test_retinanet.py#L147,147,70,2,1,0,0,True
Detectron,/Users/joaocorreia/PycharmProjects/Pysmell/pysmell/subjects/Detectron/detectron/datasets/roidb.py,https://github.com/facebookresearch/Detectron/blame/master/detectron/datasets/roidb.py#L173,173,53,1,0,0,0,False
Detectron,/Users/joaocorreia/PycharmProjects/Pysmell/pysmell/subjects/Detectron/detectron/datasets/json_dataset.py,https://github.com/facebookresearch/Detectron/blame/master/detectron/datasets/json_dataset.py#L256,256,45,1,0,0,0,False
Detectron,/Users/joaocorreia/PycharmProjects/Pysmell/pysmell/subjects/Detectron/detectron/datasets/task_evaluation.py,https://github.com/facebookresearch/Detectron/blame/master/detectron/datasets/task_evaluation.py#L244,244,86,3,1,1,1,True
Detectron,/Users/joaocorreia/PycharmProjects/Pysmell/pysmell/subjects/Detectron/detectron/datasets/task_evaluation.py,https://github.com/facebookresearch/Detectron/blame/master/detectron/datasets/task_evaluation.py#L247,247,80,3,1,1,1,True
Detectron,/Users/joaocorreia/PycharmProjects/Pysmell/pysmell/subjects/Detectron/detectron/datasets/voc_dataset_evaluator.py,https://github.com/facebookresearch/Detectron/blame/master/detectron/datasets/voc_dataset_evaluator.py#L45,45,49,1,0,0,0,False
Detectron,/Users/joaocorreia/PycharmProjects/Pysmell/pysmell/subjects/Detectron/detectron/datasets/voc_dataset_evaluator.py,https://github.com/facebookresearch/Detectron/blame/master/detectron/datasets/voc_dataset_evaluator.py#L113,113,31,1,0,0,0,False
Detectron,/Users/joaocorreia/PycharmProjects/Pysmell/pysmell/subjects/Detectron/detectron/datasets/voc_dataset_evaluator.py,https://github.com/facebookresearch/Detectron/blame/master/detectron/datasets/voc_dataset_evaluator.py#L114,114,30,1,0,0,0,False
Detectron,/Users/joaocorreia/PycharmProjects/Pysmell/pysmell/subjects/Detectron/detectron/datasets/dataset_catalog.py,https://github.com/facebookresearch/Detectron/blame/master/detectron/datasets/dataset_catalog.py#L230,230,65,1,1,0,0,True
Detectron,/Users/joaocorreia/PycharmProjects/Pysmell/pysmell/subjects/Detectron/detectron/utils/logging.py,https://github.com/facebookresearch/Detectron/blame/master/detectron/utils/logging.py#L35,35,45,1,0,0,0,False
Detectron,/Users/joaocorreia/PycharmProjects/Pysmell/pysmell/subjects/Detectron/detectron/utils/net.py,https://github.com/facebookresearch/Detectron/blame/master/detectron/utils/net.py#L93,93,35,1,0,0,0,False
Detectron,/Users/joaocorreia/PycharmProjects/Pysmell/pysmell/subjects/Detectron/detectron/utils/net.py,https://github.com/facebookresearch/Detectron/blame/master/detectron/utils/net.py#L237,237,41,1,0,0,0,False
Detectron,/Users/joaocorreia/PycharmProjects/Pysmell/pysmell/subjects/Detectron/detectron/utils/vis.py,https://github.com/facebookresearch/Detectron/blame/master/detectron/utils/vis.py#L92,92,81,2,1,0,0,True
Detectron,/Users/joaocorreia/PycharmProjects/Pysmell/pysmell/subjects/Detectron/detectron/utils/model_convert_utils.py,https://github.com/facebookresearch/Detectron/blame/master/detectron/utils/model_convert_utils.py#L105,105,35,1,0,0,0,False
Detectron,/Users/joaocorreia/PycharmProjects/Pysmell/pysmell/subjects/Detectron/detectron/utils/model_convert_utils.py,https://github.com/facebookresearch/Detectron/blame/master/detectron/utils/model_convert_utils.py#L125,125,36,1,0,0,0,False
Detectron,/Users/joaocorreia/PycharmProjects/Pysmell/pysmell/subjects/Detectron/detectron/utils/model_convert_utils.py,https://github.com/facebookresearch/Detectron/blame/master/detectron/utils/model_convert_utils.py#L175,175,41,1,0,0,0,False
Detectron,/Users/joaocorreia/PycharmProjects/Pysmell/pysmell/subjects/Detectron/detectron/utils/model_convert_utils.py,https://github.com/facebookresearch/Detectron/blame/master/detectron/utils/model_convert_utils.py#L209,209,68,2,1,0,0,True
Detectron,/Users/joaocorreia/PycharmProjects/Pysmell/pysmell/subjects/Detectron/detectron/utils/model_convert_utils.py,https://github.com/facebookresearch/Detectron/blame/master/detectron/utils/model_convert_utils.py#L371,371,28,1,0,0,0,False
Detectron,/Users/joaocorreia/PycharmProjects/Pysmell/pysmell/subjects/Detectron/detectron/utils/model_convert_utils.py,https://github.com/facebookresearch/Detectron/blame/master/detectron/utils/model_convert_utils.py#L372,372,28,1,0,0,0,False
Detectron,/Users/joaocorreia/PycharmProjects/Pysmell/pysmell/subjects/Detectron/detectron/utils/blob.py,https://github.com/facebookresearch/Detectron/blame/master/detectron/utils/blob.py#L132,132,29,1,0,0,0,False
Detectron,/Users/joaocorreia/PycharmProjects/Pysmell/pysmell/subjects/Detectron/detectron/utils/blob.py,https://github.com/facebookresearch/Detectron/blame/master/detectron/utils/blob.py#L139,139,29,1,0,0,0,False
Detectron,/Users/joaocorreia/PycharmProjects/Pysmell/pysmell/subjects/Detectron/detectron/modeling/detector.py,https://github.com/facebookresearch/Detectron/blame/master/detectron/modeling/detector.py#L133,133,31,1,0,0,0,False
Detectron,/Users/joaocorreia/PycharmProjects/Pysmell/pysmell/subjects/Detectron/detectron/modeling/detector.py,https://github.com/facebookresearch/Detectron/blame/master/detectron/modeling/detector.py#L142,142,57,1,1,0,0,True
Detectron,/Users/joaocorreia/PycharmProjects/Pysmell/pysmell/subjects/Detectron/detectron/modeling/detector.py,https://github.com/facebookresearch/Detectron/blame/master/detectron/modeling/detector.py#L143,143,43,1,0,0,0,False
Detectron,/Users/joaocorreia/PycharmProjects/Pysmell/pysmell/subjects/Detectron/detectron/modeling/detector.py,https://github.com/facebookresearch/Detectron/blame/master/detectron/modeling/detector.py#L300,300,40,1,0,0,0,False
Detectron,/Users/joaocorreia/PycharmProjects/Pysmell/pysmell/subjects/Detectron/detectron/modeling/detector.py,https://github.com/facebookresearch/Detectron/blame/master/detectron/modeling/detector.py#L321,321,42,1,0,0,0,False
Detectron,/Users/joaocorreia/PycharmProjects/Pysmell/pysmell/subjects/Detectron/detectron/modeling/detector.py,https://github.com/facebookresearch/Detectron/blame/master/detectron/modeling/detector.py#L331,331,54,1,1,0,0,True
Detectron,/Users/joaocorreia/PycharmProjects/Pysmell/pysmell/subjects/Detectron/detectron/modeling/detector.py,https://github.com/facebookresearch/Detectron/blame/master/detectron/modeling/detector.py#L347,347,58,1,1,0,0,True
Detectron,/Users/joaocorreia/PycharmProjects/Pysmell/pysmell/subjects/Detectron/detectron/modeling/FPN.py,https://github.com/facebookresearch/Detectron/blame/master/detectron/modeling/FPN.py#L276,276,64,2,1,0,0,True
Detectron,/Users/joaocorreia/PycharmProjects/Pysmell/pysmell/subjects/Detectron/detectron/modeling/FPN.py,https://github.com/facebookresearch/Detectron/blame/master/detectron/modeling/FPN.py#L290,290,64,2,1,0,0,True
Detectron,/Users/joaocorreia/PycharmProjects/Pysmell/pysmell/subjects/Detectron/detectron/modeling/fast_rcnn_heads.py,https://github.com/facebookresearch/Detectron/blame/master/detectron/modeling/fast_rcnn_heads.py#L63,63,55,1,1,0,0,True
Detectron,/Users/joaocorreia/PycharmProjects/Pysmell/pysmell/subjects/Detectron/detectron/modeling/model_builder.py,https://github.com/facebookresearch/Detectron/blame/master/detectron/modeling/model_builder.py#L335,335,35,1,0,0,0,False
Detectron,/Users/joaocorreia/PycharmProjects/Pysmell/pysmell/subjects/Detectron/detectron/modeling/model_builder.py,https://github.com/facebookresearch/Detectron/blame/master/detectron/modeling/model_builder.py#L358,358,35,1,0,0,0,False
Detectron,/Users/joaocorreia/PycharmProjects/Pysmell/pysmell/subjects/Detectron/detectron/modeling/mask_rcnn_heads.py,https://github.com/facebookresearch/Detectron/blame/master/detectron/modeling/mask_rcnn_heads.py#L49,49,55,1,1,0,0,True
Detectron,/Users/joaocorreia/PycharmProjects/Pysmell/pysmell/subjects/Detectron/detectron/modeling/mask_rcnn_heads.py,https://github.com/facebookresearch/Detectron/blame/master/detectron/modeling/mask_rcnn_heads.py#L69,69,67,2,1,0,0,True
Detectron,/Users/joaocorreia/PycharmProjects/Pysmell/pysmell/subjects/Detectron/detectron/modeling/ResNet.py,https://github.com/facebookresearch/Detectron/blame/master/detectron/modeling/ResNet.py#L169,169,68,3,1,1,1,True
Detectron,/Users/joaocorreia/PycharmProjects/Pysmell/pysmell/subjects/Detectron/detectron/modeling/ResNet.py,https://github.com/facebookresearch/Detectron/blame/master/detectron/modeling/ResNet.py#L290,290,48,1,0,0,0,False
Detectron,/Users/joaocorreia/PycharmProjects/Pysmell/pysmell/subjects/Detectron/detectron/modeling/ResNet.py,https://github.com/facebookresearch/Detectron/blame/master/detectron/modeling/ResNet.py#L350,350,48,1,0,0,0,False
Detectron,/Users/joaocorreia/PycharmProjects/Pysmell/pysmell/subjects/Detectron/detectron/modeling/retinanet_heads.py,https://github.com/facebookresearch/Detectron/blame/master/detectron/modeling/retinanet_heads.py#L80,80,65,1,1,0,0,True
Detectron,/Users/joaocorreia/PycharmProjects/Pysmell/pysmell/subjects/Detectron/detectron/modeling/retinanet_heads.py,https://github.com/facebookresearch/Detectron/blame/master/detectron/modeling/retinanet_heads.py#L84,84,65,1,1,0,0,True
Detectron,/Users/joaocorreia/PycharmProjects/Pysmell/pysmell/subjects/Detectron/detectron/modeling/rfcn_heads.py,https://github.com/facebookresearch/Detectron/blame/master/detectron/modeling/rfcn_heads.py#L60,60,55,1,1,0,0,True
Detectron,/Users/joaocorreia/PycharmProjects/Pysmell/pysmell/subjects/Detectron/detectron/ops/generate_proposals.py,https://github.com/facebookresearch/Detectron/blame/master/detectron/ops/generate_proposals.py#L114,114,30,1,0,0,0,False
Detectron,/Users/joaocorreia/PycharmProjects/Pysmell/pysmell/subjects/Detectron/detectron/ops/collect_and_distribute_fpn_rpn_proposals.py,https://github.com/facebookresearch/Detectron/blame/master/detectron/ops/collect_and_distribute_fpn_rpn_proposals.py#L72,72,32,1,0,0,0,False
Detectron,/Users/joaocorreia/PycharmProjects/Pysmell/pysmell/subjects/Detectron/detectron/roi_data/rpn.py,https://github.com/facebookresearch/Detectron/blame/master/detectron/roi_data/rpn.py#L280,280,46,1,0,0,0,False
Real-Time-Voice-Cloning,/Users/joaocorreia/PycharmProjects/Pysmell/pysmell/subjects/Real-Time-Voice-Cloning/synthesizer/tacotron2.py,https://github.com/CorentinJ/Real-Time-Voice-Cloning/blame/master/synthesizer/tacotron2.py#L36,36,76,1,1,0,0,True
Real-Time-Voice-Cloning,/Users/joaocorreia/PycharmProjects/Pysmell/pysmell/subjects/Real-Time-Voice-Cloning/synthesizer/tacotron2.py,https://github.com/CorentinJ/Real-Time-Voice-Cloning/blame/master/synthesizer/tacotron2.py#L121,121,87,1,1,0,0,True
Real-Time-Voice-Cloning,/Users/joaocorreia/PycharmProjects/Pysmell/pysmell/subjects/Real-Time-Voice-Cloning/synthesizer/tacotron2.py,https://github.com/CorentinJ/Real-Time-Voice-Cloning/blame/master/synthesizer/tacotron2.py#L138,138,91,1,1,0,0,True
Real-Time-Voice-Cloning,/Users/joaocorreia/PycharmProjects/Pysmell/pysmell/subjects/Real-Time-Voice-Cloning/synthesizer/tacotron2.py,https://github.com/CorentinJ/Real-Time-Voice-Cloning/blame/master/synthesizer/tacotron2.py#L223,223,45,1,0,0,0,False
Real-Time-Voice-Cloning,/Users/joaocorreia/PycharmProjects/Pysmell/pysmell/subjects/Real-Time-Voice-Cloning/synthesizer/feeder.py,https://github.com/CorentinJ/Real-Time-Voice-Cloning/blame/master/synthesizer/feeder.py#L38,38,128,2,1,1,1,True
Real-Time-Voice-Cloning,/Users/joaocorreia/PycharmProjects/Pysmell/pysmell/subjects/Real-Time-Voice-Cloning/synthesizer/feeder.py,https://github.com/CorentinJ/Real-Time-Voice-Cloning/blame/master/synthesizer/feeder.py#L223,223,87,1,1,0,0,True
Real-Time-Voice-Cloning,/Users/joaocorreia/PycharmProjects/Pysmell/pysmell/subjects/Real-Time-Voice-Cloning/synthesizer/feeder.py,https://github.com/CorentinJ/Real-Time-Voice-Cloning/blame/master/synthesizer/feeder.py#L225,225,107,1,1,1,1,True
Real-Time-Voice-Cloning,/Users/joaocorreia/PycharmProjects/Pysmell/pysmell/subjects/Real-Time-Voice-Cloning/synthesizer/feeder.py,https://github.com/CorentinJ/Real-Time-Voice-Cloning/blame/master/synthesizer/feeder.py#L229,229,115,1,1,1,1,True
Real-Time-Voice-Cloning,/Users/joaocorreia/PycharmProjects/Pysmell/pysmell/subjects/Real-Time-Voice-Cloning/synthesizer/feeder.py,https://github.com/CorentinJ/Real-Time-Voice-Cloning/blame/master/synthesizer/feeder.py#L268,268,45,1,0,0,0,False
Real-Time-Voice-Cloning,/Users/joaocorreia/PycharmProjects/Pysmell/pysmell/subjects/Real-Time-Voice-Cloning/synthesizer/feeder.py,https://github.com/CorentinJ/Real-Time-Voice-Cloning/blame/master/synthesizer/feeder.py#L272,272,34,1,0,0,0,False
Real-Time-Voice-Cloning,/Users/joaocorreia/PycharmProjects/Pysmell/pysmell/subjects/Real-Time-Voice-Cloning/synthesizer/utils/numbers.py,https://github.com/CorentinJ/Real-Time-Voice-Cloning/blame/master/synthesizer/utils/numbers.py#L26,26,28,1,0,0,0,False
Real-Time-Voice-Cloning,/Users/joaocorreia/PycharmProjects/Pysmell/pysmell/subjects/Real-Time-Voice-Cloning/synthesizer/utils/numbers.py,https://github.com/CorentinJ/Real-Time-Voice-Cloning/blame/master/synthesizer/utils/numbers.py#L27,27,47,1,0,0,0,False
Real-Time-Voice-Cloning,/Users/joaocorreia/PycharmProjects/Pysmell/pysmell/subjects/Real-Time-Voice-Cloning/synthesizer/utils/numbers.py,https://github.com/CorentinJ/Real-Time-Voice-Cloning/blame/master/synthesizer/utils/numbers.py#L29,29,35,1,0,0,0,False
Real-Time-Voice-Cloning,/Users/joaocorreia/PycharmProjects/Pysmell/pysmell/subjects/Real-Time-Voice-Cloning/synthesizer/utils/numbers.py,https://github.com/CorentinJ/Real-Time-Voice-Cloning/blame/master/synthesizer/utils/numbers.py#L30,30,29,1,0,0,0,False
Real-Time-Voice-Cloning,/Users/joaocorreia/PycharmProjects/Pysmell/pysmell/subjects/Real-Time-Voice-Cloning/synthesizer/utils/numbers.py,https://github.com/CorentinJ/Real-Time-Voice-Cloning/blame/master/synthesizer/utils/numbers.py#L33,33,35,1,0,0,0,False
Real-Time-Voice-Cloning,/Users/joaocorreia/PycharmProjects/Pysmell/pysmell/subjects/Real-Time-Voice-Cloning/synthesizer/utils/numbers.py,https://github.com/CorentinJ/Real-Time-Voice-Cloning/blame/master/synthesizer/utils/numbers.py#L36,36,29,1,0,0,0,False
Real-Time-Voice-Cloning,/Users/joaocorreia/PycharmProjects/Pysmell/pysmell/subjects/Real-Time-Voice-Cloning/synthesizer/models/attention.py,https://github.com/CorentinJ/Real-Time-Voice-Cloning/blame/master/synthesizer/models/attention.py#L149,149,51,1,0,0,0,False
Real-Time-Voice-Cloning,/Users/joaocorreia/PycharmProjects/Pysmell/pysmell/subjects/Real-Time-Voice-Cloning/synthesizer/models/attention.py,https://github.com/CorentinJ/Real-Time-Voice-Cloning/blame/master/synthesizer/models/attention.py#L150,150,52,1,0,0,0,False
Real-Time-Voice-Cloning,/Users/joaocorreia/PycharmProjects/Pysmell/pysmell/subjects/Real-Time-Voice-Cloning/synthesizer/models/attention.py,https://github.com/CorentinJ/Real-Time-Voice-Cloning/blame/master/synthesizer/models/attention.py#L182,182,50,1,0,0,0,False
Real-Time-Voice-Cloning,/Users/joaocorreia/PycharmProjects/Pysmell/pysmell/subjects/Real-Time-Voice-Cloning/synthesizer/models/tacotron.py,https://github.com/CorentinJ/Real-Time-Voice-Cloning/blame/master/synthesizer/models/tacotron.py#L65,65,133,3,1,1,1,True
Real-Time-Voice-Cloning,/Users/joaocorreia/PycharmProjects/Pysmell/pysmell/subjects/Real-Time-Voice-Cloning/synthesizer/models/tacotron.py,https://github.com/CorentinJ/Real-Time-Voice-Cloning/blame/master/synthesizer/models/tacotron.py#L76,76,119,2,1,1,1,True
Real-Time-Voice-Cloning,/Users/joaocorreia/PycharmProjects/Pysmell/pysmell/subjects/Real-Time-Voice-Cloning/synthesizer/models/tacotron.py,https://github.com/CorentinJ/Real-Time-Voice-Cloning/blame/master/synthesizer/models/tacotron.py#L87,87,110,2,1,1,1,True
Real-Time-Voice-Cloning,/Users/joaocorreia/PycharmProjects/Pysmell/pysmell/subjects/Real-Time-Voice-Cloning/synthesizer/models/tacotron.py,https://github.com/CorentinJ/Real-Time-Voice-Cloning/blame/master/synthesizer/models/tacotron.py#L89,89,131,3,1,1,1,True
Real-Time-Voice-Cloning,/Users/joaocorreia/PycharmProjects/Pysmell/pysmell/subjects/Real-Time-Voice-Cloning/synthesizer/models/tacotron.py,https://github.com/CorentinJ/Real-Time-Voice-Cloning/blame/master/synthesizer/models/tacotron.py#L210,210,55,1,1,0,0,True
Real-Time-Voice-Cloning,/Users/joaocorreia/PycharmProjects/Pysmell/pysmell/subjects/Real-Time-Voice-Cloning/synthesizer/models/tacotron.py,https://github.com/CorentinJ/Real-Time-Voice-Cloning/blame/master/synthesizer/models/tacotron.py#L387,387,71,3,1,1,1,True
Real-Time-Voice-Cloning,/Users/joaocorreia/PycharmProjects/Pysmell/pysmell/subjects/Real-Time-Voice-Cloning/synthesizer/models/tacotron.py,https://github.com/CorentinJ/Real-Time-Voice-Cloning/blame/master/synthesizer/models/tacotron.py#L439,439,45,1,0,0,0,False
Real-Time-Voice-Cloning,/Users/joaocorreia/PycharmProjects/Pysmell/pysmell/subjects/Real-Time-Voice-Cloning/synthesizer/models/modules.py,https://github.com/CorentinJ/Real-Time-Voice-Cloning/blame/master/synthesizer/models/modules.py#L8,8,34,1,0,0,0,False
Real-Time-Voice-Cloning,/Users/joaocorreia/PycharmProjects/Pysmell/pysmell/subjects/Real-Time-Voice-Cloning/synthesizer/models/modules.py,https://github.com/CorentinJ/Real-Time-Voice-Cloning/blame/master/synthesizer/models/modules.py#L32,32,28,1,0,0,0,False
Real-Time-Voice-Cloning,/Users/joaocorreia/PycharmProjects/Pysmell/pysmell/subjects/Real-Time-Voice-Cloning/synthesizer/models/modules.py,https://github.com/CorentinJ/Real-Time-Voice-Cloning/blame/master/synthesizer/models/modules.py#L137,137,75,2,1,0,0,True
Real-Time-Voice-Cloning,/Users/joaocorreia/PycharmProjects/Pysmell/pysmell/subjects/Real-Time-Voice-Cloning/synthesizer/models/modules.py,https://github.com/CorentinJ/Real-Time-Voice-Cloning/blame/master/synthesizer/models/modules.py#L154,154,87,2,1,0,0,True
Real-Time-Voice-Cloning,/Users/joaocorreia/PycharmProjects/Pysmell/pysmell/subjects/Real-Time-Voice-Cloning/synthesizer/models/modules.py,https://github.com/CorentinJ/Real-Time-Voice-Cloning/blame/master/synthesizer/models/modules.py#L180,180,41,1,0,0,0,False
Real-Time-Voice-Cloning,/Users/joaocorreia/PycharmProjects/Pysmell/pysmell/subjects/Real-Time-Voice-Cloning/synthesizer/models/modules.py,https://github.com/CorentinJ/Real-Time-Voice-Cloning/blame/master/synthesizer/models/modules.py#L212,212,38,1,0,0,0,False
Real-Time-Voice-Cloning,/Users/joaocorreia/PycharmProjects/Pysmell/pysmell/subjects/Real-Time-Voice-Cloning/synthesizer/models/modules.py,https://github.com/CorentinJ/Real-Time-Voice-Cloning/blame/master/synthesizer/models/modules.py#L260,260,32,1,0,0,0,False
Real-Time-Voice-Cloning,/Users/joaocorreia/PycharmProjects/Pysmell/pysmell/subjects/Real-Time-Voice-Cloning/synthesizer/models/modules.py,https://github.com/CorentinJ/Real-Time-Voice-Cloning/blame/master/synthesizer/models/modules.py#L295,295,37,1,0,0,0,False
Real-Time-Voice-Cloning,/Users/joaocorreia/PycharmProjects/Pysmell/pysmell/subjects/Real-Time-Voice-Cloning/synthesizer/models/modules.py,https://github.com/CorentinJ/Real-Time-Voice-Cloning/blame/master/synthesizer/models/modules.py#L328,328,43,1,0,0,0,False
Real-Time-Voice-Cloning,/Users/joaocorreia/PycharmProjects/Pysmell/pysmell/subjects/Real-Time-Voice-Cloning/synthesizer/models/modules.py,https://github.com/CorentinJ/Real-Time-Voice-Cloning/blame/master/synthesizer/models/modules.py#L361,361,47,1,0,0,0,False
Real-Time-Voice-Cloning,/Users/joaocorreia/PycharmProjects/Pysmell/pysmell/subjects/Real-Time-Voice-Cloning/synthesizer/models/modules.py,https://github.com/CorentinJ/Real-Time-Voice-Cloning/blame/master/synthesizer/models/modules.py#L396,396,46,1,0,0,0,False
